<?xml version="1.0" encoding="UTF-8"?>
<office:document-content xmlns:office="urn:oasis:names:tc:opendocument:xmlns:office:1.0" xmlns:style="urn:oasis:names:tc:opendocument:xmlns:style:1.0" xmlns:text="urn:oasis:names:tc:opendocument:xmlns:text:1.0" xmlns:table="urn:oasis:names:tc:opendocument:xmlns:table:1.0" xmlns:draw="urn:oasis:names:tc:opendocument:xmlns:drawing:1.0" xmlns:fo="urn:oasis:names:tc:opendocument:xmlns:xsl-fo-compatible:1.0" xmlns:xlink="http://www.w3.org/1999/xlink" xmlns:dc="http://purl.org/dc/elements/1.1/" xmlns:meta="urn:oasis:names:tc:opendocument:xmlns:meta:1.0" xmlns:number="urn:oasis:names:tc:opendocument:xmlns:datastyle:1.0" xmlns:svg="urn:oasis:names:tc:opendocument:xmlns:svg-compatible:1.0" xmlns:chart="urn:oasis:names:tc:opendocument:xmlns:chart:1.0" xmlns:dr3d="urn:oasis:names:tc:opendocument:xmlns:dr3d:1.0" xmlns:math="http://www.w3.org/1998/Math/MathML" xmlns:form="urn:oasis:names:tc:opendocument:xmlns:form:1.0" xmlns:script="urn:oasis:names:tc:opendocument:xmlns:script:1.0" xmlns:ooo="http://openoffice.org/2004/office" xmlns:ooow="http://openoffice.org/2004/writer" xmlns:oooc="http://openoffice.org/2004/calc" xmlns:dom="http://www.w3.org/2001/xml-events" xmlns:xforms="http://www.w3.org/2002/xforms" xmlns:xsd="http://www.w3.org/2001/XMLSchema" xmlns:xsi="http://www.w3.org/2001/XMLSchema-instance" xmlns:rpt="http://openoffice.org/2005/report" xmlns:of="urn:oasis:names:tc:opendocument:xmlns:of:1.2" xmlns:xhtml="http://www.w3.org/1999/xhtml" xmlns:grddl="http://www.w3.org/2003/g/data-view#" xmlns:officeooo="http://openoffice.org/2009/office" xmlns:tableooo="http://openoffice.org/2009/table" xmlns:drawooo="http://openoffice.org/2010/draw" xmlns:calcext="urn:org:documentfoundation:names:experimental:calc:xmlns:calcext:1.0" xmlns:loext="urn:org:documentfoundation:names:experimental:office:xmlns:loext:1.0" xmlns:field="urn:openoffice:names:experimental:ooo-ms-interop:xmlns:field:1.0" xmlns:formx="urn:openoffice:names:experimental:ooxml-odf-interop:xmlns:form:1.0" xmlns:css3t="http://www.w3.org/TR/css3-text/" office:version="1.2"><office:scripts/><office:font-face-decls><style:font-face style:name="Droid Sans Devanagari1" svg:font-family="&apos;Droid Sans Devanagari&apos;" style:font-family-generic="swiss"/><style:font-face style:name="Liberation Serif" svg:font-family="&apos;Liberation Serif&apos;" style:font-family-generic="roman" style:font-pitch="variable"/><style:font-face style:name="Liberation Sans" svg:font-family="&apos;Liberation Sans&apos;" style:font-family-generic="swiss" style:font-pitch="variable"/><style:font-face style:name="Droid Sans Devanagari" svg:font-family="&apos;Droid Sans Devanagari&apos;" style:font-family-generic="system" style:font-pitch="variable"/><style:font-face style:name="Droid Sans Fallback" svg:font-family="&apos;Droid Sans Fallback&apos;" style:font-family-generic="system" style:font-pitch="variable"/></office:font-face-decls><office:automatic-styles><style:style style:name="P1" style:family="paragraph"><style:paragraph-properties fo:text-align="center"/></style:style><style:style style:name="P2" style:family="paragraph"><style:paragraph-properties fo:text-align="center"/><style:text-properties fo:font-size="12pt"/></style:style><style:style style:name="T1" style:family="text"><style:text-properties fo:font-size="12pt"/></style:style><style:style style:name="gr1" style:family="graphic"><style:graphic-properties draw:textarea-horizontal-align="justify" draw:textarea-vertical-align="middle" draw:auto-grow-height="false" fo:min-height="4.0311in" fo:min-width="4.7398in" style:run-through="foreground" style:wrap="run-through" style:number-wrapped-paragraphs="no-limit" style:vertical-pos="from-top" style:vertical-rel="paragraph" style:horizontal-pos="from-left" style:horizontal-rel="paragraph"/></style:style><style:style style:name="gr2" style:family="graphic"><style:graphic-properties draw:textarea-horizontal-align="justify" draw:textarea-vertical-align="middle" draw:auto-grow-height="false" fo:min-height="1.3335in" fo:min-width="1.198in" style:run-through="foreground" style:wrap="run-through" style:number-wrapped-paragraphs="no-limit" style:vertical-pos="from-top" style:vertical-rel="paragraph" style:horizontal-pos="from-left" style:horizontal-rel="paragraph"/></style:style><style:style style:name="gr3" style:family="graphic"><style:graphic-properties draw:textarea-horizontal-align="justify" draw:textarea-vertical-align="middle" draw:auto-grow-height="false" fo:min-height="0.5209in" fo:min-width="0.802in" style:run-through="foreground" style:wrap="run-through" style:number-wrapped-paragraphs="no-limit" style:vertical-pos="from-top" style:vertical-rel="paragraph" style:horizontal-pos="from-left" style:horizontal-rel="paragraph"/></style:style><style:style style:name="gr4" style:family="graphic"><style:graphic-properties draw:textarea-horizontal-align="justify" draw:textarea-vertical-align="middle" draw:auto-grow-height="false" fo:min-height="0.5937in" fo:min-width="0.9272in" style:run-through="foreground" style:wrap="run-through" style:number-wrapped-paragraphs="no-limit" style:vertical-pos="from-top" style:vertical-rel="paragraph" style:horizontal-pos="from-left" style:horizontal-rel="paragraph"/></style:style><style:style style:name="gr5" style:family="graphic"><style:graphic-properties draw:textarea-horizontal-align="justify" draw:textarea-vertical-align="middle" draw:auto-grow-height="false" fo:min-height="0.4374in" fo:min-width="1.1665in" style:run-through="foreground" style:wrap="run-through" style:number-wrapped-paragraphs="no-limit" style:vertical-pos="from-top" style:vertical-rel="paragraph" style:horizontal-pos="from-left" style:horizontal-rel="paragraph"/></style:style><style:style style:name="gr6" style:family="graphic"><style:graphic-properties draw:textarea-horizontal-align="justify" draw:textarea-vertical-align="middle" draw:auto-grow-height="false" fo:min-height="0.4374in" fo:min-width="1.2083in" style:run-through="foreground" style:wrap="run-through" style:number-wrapped-paragraphs="no-limit" style:vertical-pos="from-top" style:vertical-rel="paragraph" style:horizontal-pos="from-left" style:horizontal-rel="paragraph"/></style:style><style:style style:name="gr7" style:family="graphic"><style:graphic-properties draw:textarea-horizontal-align="justify" draw:textarea-vertical-align="middle" draw:auto-grow-height="false" fo:min-height="0.4374in" fo:min-width="1.1772in" style:run-through="foreground" style:wrap="run-through" style:number-wrapped-paragraphs="no-limit" style:vertical-pos="from-top" style:vertical-rel="paragraph" style:horizontal-pos="from-left" style:horizontal-rel="paragraph"/></style:style><style:style style:name="gr8" style:family="graphic"><style:graphic-properties draw:textarea-horizontal-align="justify" draw:textarea-vertical-align="middle" draw:auto-grow-height="false" fo:min-height="0.5945in" fo:min-width="0.928in" style:run-through="foreground" style:wrap="run-through" style:number-wrapped-paragraphs="no-limit" style:vertical-pos="from-top" style:vertical-rel="paragraph" style:horizontal-pos="from-left" style:horizontal-rel="paragraph"/></style:style></office:automatic-styles><office:body><office:text><text:sequence-decls><text:sequence-decl text:display-outline-level="0" text:name="Illustration"/><text:sequence-decl text:display-outline-level="0" text:name="Table"/><text:sequence-decl text:display-outline-level="0" text:name="Text"/><text:sequence-decl text:display-outline-level="0" text:name="Drawing"/></text:sequence-decls><text:p text:style-name="Standard"><draw:custom-shape text:anchor-type="paragraph" draw:z-index="2" draw:name="Shape1" draw:style-name="gr3" draw:text-style-name="P1" svg:width="0.8024in" svg:height="0.5213in" svg:x="-0.0953in" svg:y="0.6299in"><text:p text:style-name="P1">Student 1</text:p><draw:enhanced-geometry svg:viewBox="0 0 21600 21600" draw:type="rectangle" draw:enhanced-path="M 0 0 L 21600 0 21600 21600 0 21600 0 0 Z N"/></draw:custom-shape><draw:custom-shape text:anchor-type="paragraph" draw:z-index="3" draw:name="Shape1" draw:style-name="gr4" draw:text-style-name="P1" svg:width="0.9276in" svg:height="0.5941in" svg:x="-0.1264in" svg:y="2.0673in"><text:p text:style-name="P1">GNS3 VM</text:p><draw:enhanced-geometry svg:viewBox="0 0 21600 21600" draw:type="rectangle" draw:enhanced-path="M 0 0 L 21600 0 21600 21600 0 21600 0 0 Z N"/></draw:custom-shape><draw:custom-shape text:anchor-type="paragraph" draw:z-index="4" draw:name="Shape1" draw:style-name="gr5" draw:text-style-name="P1" svg:width="1.1669in" svg:height="0.4378in" svg:x="-0.3035in" svg:y="1.1508in"><text:p text:style-name="P1">GNS3 Client</text:p><draw:enhanced-geometry svg:viewBox="0 0 21600 21600" draw:type="rectangle" draw:enhanced-path="M 0 0 L 21600 0 21600 21600 0 21600 0 0 Z N"/></draw:custom-shape><draw:custom-shape text:anchor-type="paragraph" draw:z-index="5" draw:name="Shape1" draw:style-name="gr3" draw:text-style-name="P1" svg:width="0.8024in" svg:height="0.5213in" svg:x="1.4154in" svg:y="0.6402in"><text:p text:style-name="P1">Student 2</text:p><draw:enhanced-geometry svg:viewBox="0 0 21600 21600" draw:type="rectangle" draw:enhanced-path="M 0 0 L 21600 0 21600 21600 0 21600 0 0 Z N"/></draw:custom-shape><draw:custom-shape text:anchor-type="paragraph" draw:z-index="7" draw:name="Shape1" draw:style-name="gr4" draw:text-style-name="P1" svg:width="0.9276in" svg:height="0.5941in" svg:x="1.1547in" svg:y="2.0673in"><text:p text:style-name="P1">GNS3 VM</text:p><draw:enhanced-geometry svg:viewBox="0 0 21600 21600" draw:type="rectangle" draw:enhanced-path="M 0 0 L 21600 0 21600 21600 0 21600 0 0 Z N"/></draw:custom-shape><draw:custom-shape text:anchor-type="paragraph" draw:z-index="8" draw:name="Shape1" draw:style-name="gr6" draw:text-style-name="P1" svg:width="1.2087in" svg:height="0.4378in" svg:x="1.2484in" svg:y="1.161in"><text:p text:style-name="P1">GNS3 Client</text:p><draw:enhanced-geometry svg:viewBox="0 0 21600 21600" draw:type="rectangle" draw:enhanced-path="M 0 0 L 21600 0 21600 21600 0 21600 0 0 Z N"/></draw:custom-shape><draw:custom-shape text:anchor-type="paragraph" draw:z-index="9" draw:name="Shape1" draw:style-name="gr3" draw:text-style-name="P1" svg:width="0.8024in" svg:height="0.5213in" svg:x="2.8425in" svg:y="0.661in"><text:p text:style-name="P1">Student 3</text:p><draw:enhanced-geometry svg:viewBox="0 0 21600 21600" draw:type="rectangle" draw:enhanced-path="M 0 0 L 21600 0 21600 21600 0 21600 0 0 Z N"/></draw:custom-shape><draw:custom-shape text:anchor-type="paragraph" draw:z-index="12" draw:name="Shape1" draw:style-name="gr8" draw:text-style-name="P2" svg:width="0.928in" svg:height="0.5949in" svg:x="2.4882in" svg:y="2.0882in"><text:p text:style-name="P1"><text:span text:style-name="T1">GNS3 VM</text:span></text:p><draw:enhanced-geometry svg:viewBox="0 0 21600 21600" draw:type="rectangle" draw:enhanced-path="M 0 0 L 21600 0 21600 21600 0 21600 0 0 Z N"/></draw:custom-shape><draw:custom-shape text:anchor-type="paragraph" draw:z-index="11" draw:name="Shape1" draw:style-name="gr7" draw:text-style-name="P1" svg:width="1.1776in" svg:height="0.4378in" svg:x="2.6862in" svg:y="1.1819in"><text:p text:style-name="P1">GNS3 Client</text:p><draw:enhanced-geometry svg:viewBox="0 0 21600 21600" draw:type="rectangle" draw:enhanced-path="M 0 0 L 21600 0 21600 21600 0 21600 0 0 Z N"/></draw:custom-shape><draw:custom-shape text:anchor-type="paragraph" draw:z-index="0" draw:name="Shape2" draw:style-name="gr1" svg:width="4.7398in" svg:height="4.0315in" svg:x="-0.5327in" svg:y="1.7756in"><text:p/><draw:enhanced-geometry svg:viewBox="0 0 21600 21600" draw:type="rectangle" draw:enhanced-path="M 0 0 L 21600 0 21600 21600 0 21600 0 0 Z N"/></draw:custom-shape><draw:custom-shape text:anchor-type="paragraph" draw:z-index="1" draw:name="Shape3" draw:style-name="gr2" svg:width="1.198in" svg:height="1.3335in" svg:x="-0.272in" svg:y="1.9008in"><text:p/><text:p/><text:p/><text:p/><text:p text:style-name="P1">KVM</text:p><draw:enhanced-geometry svg:viewBox="0 0 21600 21600" draw:type="rectangle" draw:enhanced-path="M 0 0 L 21600 0 21600 21600 0 21600 0 0 Z N"/></draw:custom-shape><draw:custom-shape text:anchor-type="paragraph" draw:z-index="6" draw:name="Shape3" draw:style-name="gr2" svg:width="1.198in" svg:height="1.3335in" svg:x="0.9984in" svg:y="1.9425in"><text:p text:style-name="P1"/><text:p text:style-name="P1"/><text:p text:style-name="P1"/><text:p text:style-name="P1"/><text:p text:style-name="P1">KVM</text:p><draw:enhanced-geometry svg:viewBox="0 0 21600 21600" draw:type="rectangle" draw:enhanced-path="M 0 0 L 21600 0 21600 21600 0 21600 0 0 Z N"/></draw:custom-shape><draw:custom-shape text:anchor-type="paragraph" draw:z-index="10" draw:name="Shape3" draw:style-name="gr2" svg:width="1.198in" svg:height="1.3335in" svg:x="2.3319in" svg:y="1.9528in"><text:p/><text:p/><text:p/><text:p/><text:p text:style-name="P1">KVM</text:p><draw:enhanced-geometry svg:viewBox="0 0 21600 21600" draw:type="rectangle" draw:enhanced-path="M 0 0 L 21600 0 21600 21600 0 21600 0 0 Z N"/></draw:custom-shape></text:p></office:text></office:body></office:document-content>