<?xml version="1.0" encoding="UTF-8"?>
<office:document-meta xmlns:office="urn:oasis:names:tc:opendocument:xmlns:office:1.0" xmlns:xlink="http://www.w3.org/1999/xlink" xmlns:dc="http://purl.org/dc/elements/1.1/" xmlns:meta="urn:oasis:names:tc:opendocument:xmlns:meta:1.0" xmlns:ooo="http://openoffice.org/2004/office" xmlns:grddl="http://www.w3.org/2003/g/data-view#" office:version="1.2"><office:meta><meta:creation-date>2016-10-06T09:10:26.031951602</meta:creation-date><dc:date>2016-10-06T10:20:51.855264652</dc:date><meta:editing-duration>PT39M53S</meta:editing-duration><meta:editing-cycles>2</meta:editing-cycles><meta:generator>LibreOffice/5.1.3.2$Linux_X86_64 LibreOffice_project/10m0$Build-2</meta:generator><meta:document-statistic meta:table-count="0" meta:image-count="0" meta:object-count="0" meta:page-count="1" meta:paragraph-count="0" meta:word-count="0" meta:character-count="0" meta:non-whitespace-character-count="0"/></office:meta></office:document-meta>