<?xml version="1.0" encoding="UTF-8"?>
<project-private xmlns="http://www.netbeans.org/ns/project-private/1">
    <editor-bookmarks xmlns="http://www.netbeans.org/ns/editor-bookmarks/1"/>
    <editor-bookmarks xmlns="http://www.netbeans.org/ns/editor-bookmarks/2" lastBookmarkId="0"/>
    <open-files xmlns="http://www.netbeans.org/ns/projectui-open-files/2">
        <group>
            <file>file:/E:/Dokumenty/FRI/4.semester/diskretna%20optimalizacia/cvicenia/cv02%20-%20program/GaussJordanStudent/GaussJordanStudent/src/gaussjordan/Matica.java</file>
            <file>file:/E:/Dokumenty/FRI/4.semester/diskretna%20optimalizacia/cvicenia/cv02%20-%20program/GaussJordanStudent/GaussJordanStudent/src/gaussjordan/Main.java</file>
        </group>
    </open-files>
</project-private>
