<?xml version="1.0" encoding="UTF-8"?>
<project-private xmlns="http://www.netbeans.org/ns/project-private/1">
    <editor-bookmarks xmlns="http://www.netbeans.org/ns/editor-bookmarks/2" lastBookmarkId="0"/>
    <open-files xmlns="http://www.netbeans.org/ns/projectui-open-files/2">
        <group>
            <file>file:/F:/Dokumenty/FRI/2.semester/Inf2/zoo+GUI/src/zoo/Blcha.java</file>
            <file>file:/F:/Dokumenty/FRI/2.semester/Inf2/zoo+GUI/src/zoo/Terminal.java</file>
            <file>file:/F:/Dokumenty/FRI/2.semester/Inf2/zoo+GUI/src/zoo/Papagaj.java</file>
            <file>file:/F:/Dokumenty/FRI/2.semester/Inf2/zoo+GUI/src/zoo/Zivocich.java</file>
            <file>file:/F:/Dokumenty/FRI/2.semester/Inf2/zoo+GUI/src/zoo/Simpanz.java</file>
            <file>file:/F:/Dokumenty/FRI/2.semester/Inf2/zoo+GUI/src/zoo/Slon.java</file>
            <file>file:/F:/Dokumenty/FRI/2.semester/Inf2/zoo+GUI/src/zoo/Zverinec.java</file>
        </group>
    </open-files>
</project-private>
